OrderID,OrderDate,Category,Product,Region,PaymentMethod,Quantity,UnitPrice,TotalAmount
1,01-01-2023,Electronics,Smartwatch,North,Credit Card,3,15971.55,47914.65
2,02-01-2023,Beauty,Moisturizer,South,Credit Card,3,14693.48,44080.44
3,03-01-2023,Beauty,Moisturizer,South,Credit Card,1,12017.63,12017.63
4,04-01-2023,Home & Kitchen,Mixer,South,Cash on Delivery,2,3288.69,6577.38
5,05-01-2023,Clothing,Jeans,South,Cash on Delivery,3,9293.13,27879.39
6,06-01-2023,Beauty,Moisturizer,West,Credit Card,1,12102.08,12102.08
7,07-01-2023,Beauty,Lipstick,West,Net Banking,4,13087.59,52350.36
8,08-01-2023,Books,Non-Fiction,West,UPI,1,19404.22,19404.22
9,09-01-2023,Beauty,Shampoo,South,Credit Card,4,18783.34,75133.36
10,10-01-2023,Clothing,Jacket,North,Net Banking,2,3800.13,7600.26
11,11-01-2023,Books,Education,East,Net Banking,1,12426.13,12426.13
12,12-01-2023,Books,Fiction,North,UPI,2,10590.18,21180.36
13,13-01-2023,Electronics,Phone,North,Debit Card,4,656.64,2626.56
14,14-01-2023,Home & Kitchen,Vacuum Cleaner,East,Debit Card,3,12314.69,36944.07
15,15-01-2023,Home & Kitchen,Vacuum Cleaner,North,UPI,2,1123.98,2247.96
16,16-01-2023,Beauty,Moisturizer,South,UPI,4,7453.96,29815.84
17,17-01-2023,Books,Fiction,South,Net Banking,2,1994.01,3988.02
18,18-01-2023,Clothing,Jeans,South,Net Banking,2,4153.54,8307.08
19,19-01-2023,Sports,Football,East,Debit Card,3,19667.97,59003.91
20,20-01-2023,Electronics,Headphones,West,Cash on Delivery,1,1119.72,1119.72
21,21-01-2023,Electronics,Laptop,East,UPI,3,13670.09,41010.27
22,22-01-2023,Clothing,Jeans,South,Net Banking,1,1488.02,1488.02
23,23-01-2023,Beauty,Perfume,North,Debit Card,4,18855.59,75422.36
24,24-01-2023,Sports,Cricket Bat,East,Net Banking,2,16206.27,32412.54
25,25-01-2023,Clothing,Jeans,West,UPI,1,516.13,516.13
26,26-01-2023,Clothing,Shirt,South,Net Banking,2,13747.81,27495.62
27,27-01-2023,Home & Kitchen,Vacuum Cleaner,North,Net Banking,3,13728.62,41185.86
28,28-01-2023,Home & Kitchen,Vacuum Cleaner,West,UPI,4,10004.5,40018
29,29-01-2023,Clothing,Jacket,East,Credit Card,3,3632.62,10897.86
30,30-01-2023,Electronics,Laptop,South,Credit Card,1,5323.84,5323.84
31,31-01-2023,Home & Kitchen,Vacuum Cleaner,South,Debit Card,4,15156.16,60624.64
32,01-02-2023,Beauty,Moisturizer,West,Credit Card,2,10497.35,20994.7
33,02-02-2023,Books,Education,East,Debit Card,2,11440.47,22880.94
34,03-02-2023,Home & Kitchen,Mixer,West,Net Banking,1,19397.78,19397.78
35,04-02-2023,Electronics,Laptop,West,Debit Card,2,9105.13,18210.26
36,05-02-2023,Books,Non-Fiction,North,Cash on Delivery,2,17917.58,35835.16
37,06-02-2023,Sports,Gym Equipment,North,Net Banking,2,14599.99,29199.98
38,07-02-2023,Beauty,Perfume,West,Net Banking,3,1952.15,5856.45
39,08-02-2023,Clothing,Jacket,South,UPI,3,10512.52,31537.56
40,09-02-2023,Home & Kitchen,Cookware,East,Credit Card,2,6641.54,13283.08
41,10-02-2023,Home & Kitchen,Cookware,South,UPI,4,14996.94,59987.76
42,11-02-2023,Electronics,Smartwatch,East,Debit Card,3,16609,49827
43,12-02-2023,Beauty,Lipstick,South,Credit Card,2,19312.06,38624.12
44,13-02-2023,Clothing,Shirt,East,Cash on Delivery,4,10945.38,43781.52
45,14-02-2023,Electronics,Smartwatch,West,Net Banking,1,6066.22,6066.22
46,15-02-2023,Home & Kitchen,Vacuum Cleaner,North,Debit Card,1,1676.1,1676.1
47,16-02-2023,Books,Fiction,North,Debit Card,3,8583.35,25750.05
48,17-02-2023,Electronics,Headphones,North,Credit Card,1,4134.57,4134.57
49,18-02-2023,Electronics,Headphones,North,Net Banking,4,478.78,1915.12
50,19-02-2023,Home & Kitchen,Vacuum Cleaner,West,Net Banking,3,14195.78,42587.34
51,20-02-2023,Home & Kitchen,Mixer,West,Cash on Delivery,3,15845.48,47536.44
52,21-02-2023,Beauty,Moisturizer,South,Net Banking,3,1666.08,4998.24
53,22-02-2023,Books,Non-Fiction,South,Debit Card,3,13091.33,39273.99
54,23-02-2023,Beauty,Shampoo,East,Credit Card,4,17289.45,69157.8
55,24-02-2023,Home & Kitchen,Mixer,South,Credit Card,4,9099.12,36396.48
56,25-02-2023,Sports,Cricket Bat,West,Debit Card,1,1458.46,1458.46
57,26-02-2023,Books,Comics,East,Debit Card,3,13443.06,40329.18
58,27-02-2023,Home & Kitchen,Vacuum Cleaner,North,Net Banking,1,14646.2,14646.2
59,28-02-2023,Sports,Cricket Bat,East,Cash on Delivery,4,5639.49,22557.96
60,01-03-2023,Beauty,Perfume,East,Credit Card,3,9549.86,28649.58
61,02-03-2023,Beauty,Lipstick,North,Credit Card,1,19439.9,19439.9
62,03-03-2023,Home & Kitchen,Toaster,West,Credit Card,3,15263.54,45790.62
63,04-03-2023,Books,Education,West,Cash on Delivery,2,4872.5,9745
64,05-03-2023,Books,Non-Fiction,West,Net Banking,2,9977.15,19954.3
65,06-03-2023,Electronics,Phone,West,Net Banking,1,14271.13,14271.13
66,07-03-2023,Clothing,Shoes,North,Credit Card,2,703.3,1406.6
67,08-03-2023,Sports,Tennis Racket,West,Debit Card,1,4194.04,4194.04
68,09-03-2023,Clothing,Shoes,North,UPI,4,12800.93,51203.72
69,10-03-2023,Sports,Gym Equipment,South,Credit Card,4,11352.86,45411.44
70,11-03-2023,Home & Kitchen,Mixer,North,Credit Card,4,18169.82,72679.28
71,12-03-2023,Electronics,Phone,East,UPI,3,12167.46,36502.38
72,13-03-2023,Sports,Tennis Racket,East,UPI,3,15159.91,45479.73
73,14-03-2023,Sports,Tennis Racket,East,Credit Card,4,18868.5,75474
74,15-03-2023,Electronics,Headphones,East,Debit Card,3,5937.08,17811.24
75,16-03-2023,Books,Education,East,UPI,2,17633.26,35266.52
76,17-03-2023,Books,Education,South,UPI,2,16200.78,32401.56
77,18-03-2023,Beauty,Moisturizer,North,UPI,1,2288.79,2288.79
78,19-03-2023,Electronics,Smartwatch,South,Debit Card,4,16112.71,64450.84
79,20-03-2023,Home & Kitchen,Toaster,West,Debit Card,4,8446.9,33787.6
80,21-03-2023,Home & Kitchen,Toaster,South,UPI,2,10878.98,21757.96
81,22-03-2023,Clothing,Jeans,South,UPI,2,2617.34,5234.68
82,23-03-2023,Books,Non-Fiction,East,Credit Card,1,6496.47,6496.47
83,24-03-2023,Books,Fiction,West,Debit Card,1,5588.22,5588.22
84,25-03-2023,Books,Fiction,East,Debit Card,3,8656.73,25970.19
85,26-03-2023,Books,Non-Fiction,West,Debit Card,4,7180.86,28723.44
86,27-03-2023,Books,Comics,North,UPI,3,337.65,1012.95
87,28-03-2023,Electronics,Laptop,South,Debit Card,4,10774.97,43099.88
88,29-03-2023,Electronics,Headphones,South,Debit Card,2,4597.73,9195.46
89,30-03-2023,Home & Kitchen,Mixer,West,Debit Card,3,5534.36,16603.08
90,31-03-2023,Sports,Cricket Bat,North,UPI,4,18869.61,75478.44
91,01-04-2023,Electronics,Laptop,South,Cash on Delivery,2,4531.53,9063.06
92,02-04-2023,Clothing,Jeans,North,Credit Card,4,14119.78,56479.12
93,03-04-2023,Home & Kitchen,Toaster,South,Credit Card,1,1484.87,1484.87
94,04-04-2023,Electronics,Laptop,West,Credit Card,2,19256.46,38512.92
95,05-04-2023,Books,Fiction,East,Credit Card,2,13986.82,27973.64
96,06-04-2023,Books,Fiction,West,Net Banking,3,6157.39,18472.17
97,07-04-2023,Home & Kitchen,Cookware,West,Debit Card,1,19955.26,19955.26
98,08-04-2023,Home & Kitchen,Cookware,East,Debit Card,3,12269.37,36808.11
99,09-04-2023,Beauty,Shampoo,West,Credit Card,2,8338.53,16677.06
100,10-04-2023,Clothing,Jeans,West,Credit Card,3,5717.2,17151.6
101,11-04-2023,Beauty,Perfume,East,UPI,1,12760.16,12760.16
102,12-04-2023,Books,Comics,West,Credit Card,2,3068.92,6137.84
103,13-04-2023,Beauty,Lipstick,North,Cash on Delivery,4,9066.11,36264.44
104,14-04-2023,Sports,Gym Equipment,South,Cash on Delivery,2,4992.69,9985.38
105,15-04-2023,Clothing,Shoes,East,Debit Card,4,1800.9,7203.6
106,16-04-2023,Clothing,Shirt,North,Credit Card,4,4905.22,19620.88
107,17-04-2023,Home & Kitchen,Vacuum Cleaner,North,Debit Card,3,16102.17,48306.51
108,18-04-2023,Books,Fiction,South,Cash on Delivery,1,12719.66,12719.66
109,19-04-2023,Clothing,Shoes,East,UPI,2,8096.72,16193.44
110,20-04-2023,Clothing,Shirt,West,Cash on Delivery,3,1987.74,5963.22
111,21-04-2023,Books,Non-Fiction,South,Cash on Delivery,1,3184.21,3184.21
112,22-04-2023,Sports,Tennis Racket,West,Debit Card,3,3893.07,11679.21
113,23-04-2023,Clothing,Shirt,South,Cash on Delivery,1,17195.5,17195.5
114,24-04-2023,Sports,Gym Equipment,South,UPI,4,13615.77,54463.08
115,25-04-2023,Beauty,Shampoo,West,Cash on Delivery,3,14280.76,42842.28
116,26-04-2023,Electronics,Headphones,West,UPI,3,4684.62,14053.86
117,27-04-2023,Books,Fiction,North,UPI,4,2104.3,8417.2
118,28-04-2023,Electronics,Phone,South,Debit Card,1,13880.57,13880.57
119,29-04-2023,Clothing,Jacket,South,Cash on Delivery,4,10451.48,41805.92
120,30-04-2023,Sports,Football,East,Debit Card,4,2922.91,11691.64
121,01-05-2023,Beauty,Lipstick,East,Net Banking,4,14757.28,59029.12
122,02-05-2023,Books,Non-Fiction,South,Net Banking,2,18508.93,37017.86
123,03-05-2023,Electronics,Smartwatch,East,Cash on Delivery,2,13976.53,27953.06
124,04-05-2023,Sports,Football,South,Net Banking,3,13267.68,39803.04
125,05-05-2023,Clothing,Shirt,South,Cash on Delivery,2,19646.93,39293.86
126,06-05-2023,Sports,Tennis Racket,South,Net Banking,4,10687.08,42748.32
127,07-05-2023,Books,Non-Fiction,North,UPI,2,19925.82,39851.64
128,08-05-2023,Home & Kitchen,Mixer,South,Cash on Delivery,2,17964.87,35929.74
129,09-05-2023,Beauty,Moisturizer,West,Debit Card,1,17676.2,17676.2
130,10-05-2023,Sports,Gym Equipment,East,UPI,3,6912.79,20738.37
131,11-05-2023,Clothing,Jeans,East,Cash on Delivery,3,14067.09,42201.27
132,12-05-2023,Home & Kitchen,Vacuum Cleaner,South,Net Banking,4,17962.78,71851.12
133,13-05-2023,Clothing,Shoes,South,Credit Card,4,8209.26,32837.04
134,14-05-2023,Home & Kitchen,Vacuum Cleaner,North,UPI,1,12912.23,12912.23
135,15-05-2023,Home & Kitchen,Vacuum Cleaner,West,Net Banking,3,18725.57,56176.71
136,16-05-2023,Electronics,Smartwatch,East,Debit Card,4,17991.37,71965.48
137,17-05-2023,Beauty,Moisturizer,West,Debit Card,4,11697.6,46790.4
138,18-05-2023,Electronics,Smartwatch,West,Cash on Delivery,4,2209.14,8836.56
139,19-05-2023,Clothing,Jeans,West,Debit Card,3,19478.54,58435.62
140,20-05-2023,Sports,Tennis Racket,South,UPI,2,3384,6768
141,21-05-2023,Electronics,Phone,North,Debit Card,2,9815.15,19630.3
142,22-05-2023,Clothing,Shoes,West,Cash on Delivery,3,13108.83,39326.49
143,23-05-2023,Home & Kitchen,Vacuum Cleaner,East,Net Banking,1,3683.32,3683.32
144,24-05-2023,Beauty,Shampoo,South,UPI,4,4897.53,19590.12
145,25-05-2023,Books,Non-Fiction,East,Net Banking,1,3740.69,3740.69
146,26-05-2023,Clothing,Jacket,South,UPI,4,13062.73,52250.92
147,27-05-2023,Books,Fiction,West,Debit Card,3,14474.61,43423.83
148,28-05-2023,Clothing,Jacket,West,Cash on Delivery,4,11452.51,45810.04
149,29-05-2023,Electronics,Phone,South,Credit Card,4,10274.52,41098.08
150,30-05-2023,Sports,Gym Equipment,South,Debit Card,2,5451.01,10902.02
151,31-05-2023,Sports,Cricket Bat,East,Credit Card,2,11879.44,23758.88
152,01-06-2023,Sports,Gym Equipment,East,Net Banking,2,7983.33,15966.66
153,02-06-2023,Electronics,Smartwatch,North,Debit Card,2,18140.76,36281.52
154,03-06-2023,Home & Kitchen,Mixer,South,UPI,3,15937.26,47811.78
155,04-06-2023,Books,Fiction,North,Net Banking,2,12973.05,25946.1
156,05-06-2023,Clothing,Jeans,North,Net Banking,3,9951.85,29855.55
157,06-06-2023,Beauty,Lipstick,East,Cash on Delivery,1,4757.67,4757.67
158,07-06-2023,Books,Comics,South,Credit Card,4,5759.29,23037.16
159,08-06-2023,Books,Non-Fiction,East,UPI,3,15417.37,46252.11
160,09-06-2023,Beauty,Perfume,East,Credit Card,4,3706.79,14827.16
161,10-06-2023,Electronics,Laptop,West,Debit Card,4,9504.9,38019.6
162,11-06-2023,Books,Education,South,Credit Card,2,18314.31,36628.62
163,12-06-2023,Electronics,Smartwatch,North,Net Banking,3,15004.83,45014.49
164,13-06-2023,Books,Non-Fiction,South,UPI,1,18580.71,18580.71
165,14-06-2023,Beauty,Lipstick,South,Cash on Delivery,1,11144.75,11144.75
166,15-06-2023,Home & Kitchen,Cookware,West,Cash on Delivery,3,19279.68,57839.04
167,16-06-2023,Beauty,Perfume,West,Credit Card,1,1691.86,1691.86
168,17-06-2023,Home & Kitchen,Mixer,East,UPI,1,7824.94,7824.94
169,18-06-2023,Beauty,Shampoo,South,Net Banking,3,5515.8,16547.4
170,19-06-2023,Home & Kitchen,Cookware,East,UPI,3,3555.96,10667.88
171,20-06-2023,Beauty,Lipstick,North,UPI,1,8014.89,8014.89
172,21-06-2023,Beauty,Moisturizer,East,Net Banking,2,13981.39,27962.78
173,22-06-2023,Beauty,Perfume,West,Net Banking,4,1594.24,6376.96
174,23-06-2023,Clothing,Shoes,West,Net Banking,2,12377.14,24754.28
175,24-06-2023,Beauty,Shampoo,South,Cash on Delivery,2,7301.21,14602.42
176,25-06-2023,Sports,Gym Equipment,West,UPI,3,10462.93,31388.79
177,26-06-2023,Electronics,Smartwatch,North,UPI,2,6586.51,13173.02
178,27-06-2023,Books,Fiction,North,Net Banking,4,14000.91,56003.64
179,28-06-2023,Beauty,Lipstick,North,Net Banking,3,14236.44,42709.32
180,29-06-2023,Clothing,Shoes,East,Credit Card,3,6013.12,18039.36
181,30-06-2023,Electronics,Headphones,West,Debit Card,3,8511.66,25534.98
182,01-07-2023,Books,Education,South,UPI,2,17368.03,34736.06
183,02-07-2023,Sports,Tennis Racket,North,Debit Card,1,1815.56,1815.56
184,03-07-2023,Sports,Gym Equipment,West,UPI,3,10130.02,30390.06
185,04-07-2023,Clothing,Shoes,North,Cash on Delivery,1,4046.62,4046.62
186,05-07-2023,Sports,Tennis Racket,South,Cash on Delivery,4,14098.94,56395.76
187,06-07-2023,Home & Kitchen,Toaster,North,Credit Card,4,1205.22,4820.88
188,07-07-2023,Home & Kitchen,Toaster,West,Credit Card,3,6892.3,20676.9
189,08-07-2023,Beauty,Lipstick,North,UPI,4,11661.52,46646.08
190,09-07-2023,Clothing,Jacket,West,Credit Card,4,11649.95,46599.8
191,10-07-2023,Clothing,Jacket,West,Credit Card,2,6697.42,13394.84
192,11-07-2023,Clothing,Jacket,West,Net Banking,2,10944.36,21888.72
193,12-07-2023,Electronics,Phone,South,Net Banking,1,16810.88,16810.88
194,13-07-2023,Home & Kitchen,Toaster,South,Net Banking,2,803.9,1607.8
195,14-07-2023,Sports,Football,East,Credit Card,4,968.93,3875.72
196,15-07-2023,Clothing,Jeans,East,Credit Card,3,7331.77,21995.31
197,16-07-2023,Beauty,Moisturizer,East,Net Banking,4,6667.69,26670.76
198,17-07-2023,Books,Education,South,Cash on Delivery,4,15445.87,61783.48
199,18-07-2023,Beauty,Perfume,West,Debit Card,4,19311.99,77247.96
200,19-07-2023,Home & Kitchen,Toaster,South,Credit Card,3,1889.88,5669.64
201,20-07-2023,Electronics,Phone,North,UPI,1,4048.72,4048.72
202,21-07-2023,Clothing,Shirt,South,Debit Card,2,10904.58,21809.16
203,22-07-2023,Sports,Gym Equipment,East,Net Banking,3,2939.39,8818.17
204,23-07-2023,Sports,Football,South,UPI,4,19521.87,78087.48
205,24-07-2023,Beauty,Perfume,South,UPI,4,14348.98,57395.92
206,25-07-2023,Clothing,Shoes,West,UPI,3,15944.69,47834.07
207,26-07-2023,Clothing,Shirt,East,Credit Card,3,8783.71,26351.13
208,27-07-2023,Clothing,Shirt,West,Credit Card,2,1753.44,3506.88
209,28-07-2023,Beauty,Lipstick,West,Credit Card,1,3849.81,3849.81
210,29-07-2023,Electronics,Phone,East,Cash on Delivery,2,16752.41,33504.82
211,30-07-2023,Beauty,Moisturizer,West,Net Banking,1,13832.3,13832.3
212,31-07-2023,Electronics,Headphones,North,UPI,1,3631.23,3631.23
213,01-08-2023,Sports,Gym Equipment,West,Net Banking,1,8958.57,8958.57
214,02-08-2023,Sports,Cricket Bat,West,Cash on Delivery,4,11074.69,44298.76
215,03-08-2023,Home & Kitchen,Vacuum Cleaner,North,Cash on Delivery,4,3820.75,15283
216,04-08-2023,Beauty,Shampoo,East,UPI,1,5742.69,5742.69
217,05-08-2023,Books,Comics,North,UPI,4,10430.59,41722.36
218,06-08-2023,Sports,Football,West,UPI,4,11176.21,44704.84
219,07-08-2023,Clothing,Jeans,West,Net Banking,2,14654.78,29309.56
220,08-08-2023,Electronics,Phone,West,Net Banking,3,5105.07,15315.21
221,09-08-2023,Home & Kitchen,Mixer,West,Credit Card,4,3341.2,13364.8
222,10-08-2023,Home & Kitchen,Mixer,West,UPI,2,484.99,969.98
223,11-08-2023,Sports,Cricket Bat,West,UPI,2,2017.62,4035.24
224,12-08-2023,Books,Education,West,UPI,3,1006.43,3019.29
225,13-08-2023,Beauty,Moisturizer,North,Debit Card,2,19594.31,39188.62
226,14-08-2023,Home & Kitchen,Cookware,South,Credit Card,1,9588.64,9588.64
227,15-08-2023,Clothing,Shirt,East,Net Banking,2,15314.62,30629.24
228,16-08-2023,Electronics,Phone,North,Debit Card,1,9574.74,9574.74
229,17-08-2023,Home & Kitchen,Toaster,East,Credit Card,1,9400.54,9400.54
230,18-08-2023,Sports,Cricket Bat,West,Credit Card,1,8090.39,8090.39
231,19-08-2023,Sports,Cricket Bat,South,Net Banking,2,18993.09,37986.18
232,20-08-2023,Beauty,Moisturizer,South,Cash on Delivery,4,1097.02,4388.08
233,21-08-2023,Books,Comics,East,UPI,3,503.03,1509.09
234,22-08-2023,Clothing,Jeans,East,Cash on Delivery,3,10162.1,30486.3
235,23-08-2023,Beauty,Shampoo,North,Credit Card,1,10879.67,10879.67
236,24-08-2023,Books,Fiction,South,Net Banking,1,3426.1,3426.1
237,25-08-2023,Books,Comics,South,Credit Card,4,18889.05,75556.2
238,26-08-2023,Clothing,Jacket,North,Cash on Delivery,2,724.92,1449.84
239,27-08-2023,Clothing,Shoes,North,Debit Card,4,12800.79,51203.16
240,28-08-2023,Books,Non-Fiction,South,Credit Card,4,11594.39,46377.56
241,29-08-2023,Clothing,Jacket,South,Credit Card,2,11552.67,23105.34
242,30-08-2023,Home & Kitchen,Cookware,North,Credit Card,1,9273.41,9273.41
243,31-08-2023,Books,Comics,South,Debit Card,3,16448.66,49345.98
244,01-09-2023,Clothing,Shirt,North,Cash on Delivery,4,7844.83,31379.32
245,02-09-2023,Clothing,Jeans,West,Cash on Delivery,1,13099.4,13099.4
246,03-09-2023,Home & Kitchen,Toaster,East,UPI,3,4076.66,12229.98
247,04-09-2023,Clothing,Jacket,East,UPI,1,4448.86,4448.86
248,05-09-2023,Electronics,Laptop,East,Debit Card,2,560.79,1121.58
249,06-09-2023,Clothing,Shoes,North,Cash on Delivery,3,12441.43,37324.29
250,07-09-2023,Electronics,Headphones,North,Credit Card,3,1609.54,4828.62
251,08-09-2023,Electronics,Headphones,South,Net Banking,4,7830.85,31323.4
252,09-09-2023,Sports,Cricket Bat,North,Debit Card,2,660.78,1321.56
253,10-09-2023,Home & Kitchen,Toaster,North,Net Banking,2,5361.75,10723.5
254,11-09-2023,Home & Kitchen,Vacuum Cleaner,South,Net Banking,3,2539.66,7618.98
255,12-09-2023,Electronics,Laptop,East,Credit Card,1,7097.06,7097.06
256,13-09-2023,Home & Kitchen,Vacuum Cleaner,North,Credit Card,3,17573.95,52721.85
257,14-09-2023,Clothing,Jacket,North,Cash on Delivery,4,8475.33,33901.32
258,15-09-2023,Beauty,Shampoo,East,Cash on Delivery,1,5784.28,5784.28
259,16-09-2023,Clothing,Shirt,North,UPI,2,8584.72,17169.44
260,17-09-2023,Home & Kitchen,Cookware,North,Debit Card,4,16175.33,64701.32
261,18-09-2023,Home & Kitchen,Toaster,West,Cash on Delivery,1,14686.63,14686.63
262,19-09-2023,Books,Comics,North,UPI,4,7565.96,30263.84
263,20-09-2023,Home & Kitchen,Mixer,North,UPI,3,11694.77,35084.31
264,21-09-2023,Sports,Gym Equipment,North,Net Banking,3,18629,55887
265,22-09-2023,Sports,Tennis Racket,West,Cash on Delivery,1,4924.22,4924.22
266,23-09-2023,Electronics,Smartwatch,East,Debit Card,3,15067.25,45201.75
267,24-09-2023,Sports,Football,North,UPI,1,4917.08,4917.08
268,25-09-2023,Electronics,Phone,West,Debit Card,2,18070.55,36141.1
269,26-09-2023,Sports,Gym Equipment,West,Cash on Delivery,2,10031.91,20063.82
270,27-09-2023,Clothing,Shoes,East,Net Banking,1,6536.98,6536.98
271,28-09-2023,Electronics,Laptop,West,Cash on Delivery,3,2179.7,6539.1
272,29-09-2023,Electronics,Smartwatch,East,Net Banking,4,414.59,1658.36
273,30-09-2023,Clothing,Shoes,West,Debit Card,1,16973.43,16973.43
274,01-10-2023,Clothing,Jeans,West,Credit Card,1,6522.41,6522.41
275,02-10-2023,Home & Kitchen,Toaster,East,Credit Card,2,13600.04,27200.08
276,03-10-2023,Home & Kitchen,Vacuum Cleaner,West,Debit Card,4,11554.07,46216.28
277,04-10-2023,Electronics,Laptop,East,UPI,3,1849.03,5547.09
278,05-10-2023,Clothing,Shoes,South,Net Banking,1,6005.57,6005.57
279,06-10-2023,Books,Non-Fiction,East,Debit Card,1,11163.32,11163.32
280,07-10-2023,Home & Kitchen,Vacuum Cleaner,West,Debit Card,1,15097.02,15097.02
281,08-10-2023,Electronics,Phone,North,Credit Card,3,15669.66,47008.98
282,09-10-2023,Clothing,Jeans,North,Net Banking,3,2005.88,6017.64
283,10-10-2023,Sports,Gym Equipment,East,Debit Card,2,19490.11,38980.22
284,11-10-2023,Electronics,Headphones,South,Net Banking,2,11080.67,22161.34
285,12-10-2023,Beauty,Moisturizer,East,Net Banking,1,14793.3,14793.3
286,13-10-2023,Electronics,Phone,North,Debit Card,1,7148.12,7148.12
287,14-10-2023,Beauty,Lipstick,West,Net Banking,2,19379.31,38758.62
288,15-10-2023,Sports,Football,West,UPI,1,15277.91,15277.91
289,16-10-2023,Books,Fiction,South,Debit Card,4,17364,69456
290,17-10-2023,Electronics,Smartwatch,West,UPI,2,1865.31,3730.62
291,18-10-2023,Clothing,Shirt,West,Net Banking,1,4607.01,4607.01
292,19-10-2023,Electronics,Headphones,East,Cash on Delivery,1,16472.83,16472.83
293,20-10-2023,Electronics,Laptop,East,Cash on Delivery,2,3102.78,6205.56
294,21-10-2023,Beauty,Shampoo,East,UPI,1,1879.79,1879.79
295,22-10-2023,Sports,Gym Equipment,South,Cash on Delivery,3,11709.85,35129.55
296,23-10-2023,Electronics,Smartwatch,South,Cash on Delivery,1,7538.71,7538.71
297,24-10-2023,Electronics,Smartwatch,North,UPI,4,4886.37,19545.48
298,25-10-2023,Sports,Cricket Bat,North,Credit Card,3,19722.82,59168.46
299,26-10-2023,Beauty,Moisturizer,East,Cash on Delivery,4,7134.32,28537.28
300,27-10-2023,Clothing,Shoes,East,UPI,4,1853.31,7413.24
301,28-10-2023,Books,Non-Fiction,South,Credit Card,1,7684.15,7684.15
302,29-10-2023,Sports,Tennis Racket,South,UPI,3,8599.6,25798.8
303,30-10-2023,Electronics,Headphones,East,UPI,2,6739,13478
304,31-10-2023,Books,Non-Fiction,West,Credit Card,2,9953.98,19907.96
305,01-11-2023,Beauty,Lipstick,North,UPI,1,8223,8223
306,02-11-2023,Electronics,Laptop,South,Debit Card,2,1314.8,2629.6
307,03-11-2023,Sports,Football,North,UPI,4,15390.46,61561.84
308,04-11-2023,Books,Fiction,South,Net Banking,3,13054.36,39163.08
309,05-11-2023,Sports,Tennis Racket,South,Net Banking,1,13684.58,13684.58
310,06-11-2023,Home & Kitchen,Mixer,South,Net Banking,4,19251.02,77004.08
311,07-11-2023,Electronics,Smartwatch,East,UPI,3,9658.75,28976.25
312,08-11-2023,Electronics,Laptop,West,Debit Card,1,17398.26,17398.26
313,09-11-2023,Electronics,Phone,South,Net Banking,2,8839.45,17678.9
314,10-11-2023,Home & Kitchen,Toaster,North,Cash on Delivery,2,440.66,881.32
315,11-11-2023,Home & Kitchen,Cookware,East,Debit Card,4,11208.9,44835.6
316,12-11-2023,Home & Kitchen,Toaster,South,Debit Card,3,17844.63,53533.89
317,13-11-2023,Electronics,Phone,South,Debit Card,2,18507.94,37015.88
318,14-11-2023,Sports,Cricket Bat,East,Net Banking,4,1661.17,6644.68
319,15-11-2023,Home & Kitchen,Mixer,East,Cash on Delivery,3,13969.14,41907.42
320,16-11-2023,Home & Kitchen,Cookware,North,UPI,1,10557.34,10557.34
321,17-11-2023,Electronics,Smartwatch,East,Credit Card,1,4492.82,4492.82
322,18-11-2023,Sports,Gym Equipment,East,Credit Card,3,9199.91,27599.73
323,19-11-2023,Books,Comics,West,Debit Card,1,13999.12,13999.12
324,20-11-2023,Electronics,Phone,South,Credit Card,3,18042.93,54128.79
325,21-11-2023,Books,Comics,West,Debit Card,1,18322.04,18322.04
326,22-11-2023,Sports,Football,North,Cash on Delivery,2,19018.15,38036.3
327,23-11-2023,Books,Comics,East,Cash on Delivery,4,8011.53,32046.12
328,24-11-2023,Books,Fiction,West,Credit Card,4,12478.63,49914.52
329,25-11-2023,Beauty,Lipstick,South,Net Banking,4,3559.66,14238.64
330,26-11-2023,Electronics,Laptop,East,Credit Card,4,9381.23,37524.92
331,27-11-2023,Electronics,Laptop,South,UPI,2,4742.02,9484.04
332,28-11-2023,Electronics,Smartwatch,South,Net Banking,4,1739.15,6956.6
333,29-11-2023,Sports,Football,North,Net Banking,1,5347.01,5347.01
334,30-11-2023,Home & Kitchen,Toaster,South,UPI,3,14023.6,42070.8
335,01-12-2023,Electronics,Laptop,North,UPI,1,5739.32,5739.32
336,02-12-2023,Sports,Tennis Racket,West,Credit Card,1,16313.14,16313.14
337,03-12-2023,Sports,Football,East,Credit Card,4,5564.96,22259.84
338,04-12-2023,Clothing,Jeans,North,Debit Card,1,18236.36,18236.36
339,05-12-2023,Clothing,Shoes,West,Credit Card,1,18822.53,18822.53
340,06-12-2023,Electronics,Headphones,East,Cash on Delivery,3,14569.25,43707.75
341,07-12-2023,Beauty,Perfume,North,Net Banking,3,18399.7,55199.1
342,08-12-2023,Beauty,Perfume,West,Net Banking,2,18668.02,37336.04
343,09-12-2023,Beauty,Perfume,West,Debit Card,2,11121.44,22242.88
344,10-12-2023,Sports,Cricket Bat,South,UPI,1,722.07,722.07
345,11-12-2023,Sports,Cricket Bat,West,Cash on Delivery,1,15596.53,15596.53
346,12-12-2023,Home & Kitchen,Toaster,North,Debit Card,2,19748.07,39496.14
347,13-12-2023,Clothing,Jacket,South,Credit Card,1,7659.43,7659.43
348,14-12-2023,Books,Fiction,South,Net Banking,2,7741.64,15483.28
349,15-12-2023,Beauty,Perfume,West,Debit Card,2,16617.45,33234.9
350,16-12-2023,Sports,Gym Equipment,West,Credit Card,1,16798.91,16798.91
351,17-12-2023,Clothing,Jeans,South,Credit Card,2,929.07,1858.14
352,18-12-2023,Clothing,Jeans,West,Cash on Delivery,3,5613.46,16840.38
353,19-12-2023,Electronics,Headphones,West,Debit Card,4,1692.11,6768.44
354,20-12-2023,Clothing,Jacket,South,Net Banking,4,16295.44,65181.76
355,21-12-2023,Sports,Cricket Bat,East,Cash on Delivery,3,15048.23,45144.69
356,22-12-2023,Clothing,Shirt,North,Cash on Delivery,3,11197.55,33592.65
357,23-12-2023,Sports,Tennis Racket,West,Debit Card,1,14577.19,14577.19
358,24-12-2023,Electronics,Headphones,South,Debit Card,2,17023.02,34046.04
359,25-12-2023,Home & Kitchen,Mixer,East,Net Banking,1,4973.48,4973.48
360,26-12-2023,Clothing,Jacket,North,Credit Card,1,2757.36,2757.36
361,27-12-2023,Clothing,Jeans,West,Debit Card,3,5639.69,16919.07
362,28-12-2023,Clothing,Shirt,East,UPI,4,4727.13,18908.52
363,29-12-2023,Sports,Football,South,Debit Card,1,15188.58,15188.58
364,30-12-2023,Books,Comics,South,Cash on Delivery,2,7291.62,14583.24
365,31-12-2023,Beauty,Lipstick,East,Debit Card,4,639.26,2557.04
366,01-01-2024,Clothing,Jacket,West,Cash on Delivery,2,10502.09,21004.18
367,02-01-2024,Books,Non-Fiction,West,Credit Card,2,16661.16,33322.32
368,03-01-2024,Clothing,Shirt,West,Credit Card,2,17073.19,34146.38
369,04-01-2024,Clothing,Shoes,South,Cash on Delivery,2,19365.88,38731.76
370,05-01-2024,Books,Comics,South,Cash on Delivery,2,17557.74,35115.48
371,06-01-2024,Electronics,Phone,West,Credit Card,1,11881.13,11881.13
372,07-01-2024,Home & Kitchen,Vacuum Cleaner,South,Cash on Delivery,3,769.9,2309.7
373,08-01-2024,Clothing,Jacket,West,Credit Card,3,15736.43,47209.29
374,09-01-2024,Sports,Tennis Racket,West,UPI,2,14140.78,28281.56
375,10-01-2024,Sports,Gym Equipment,South,Net Banking,3,18082.39,54247.17
376,11-01-2024,Beauty,Lipstick,North,Net Banking,4,487.98,1951.92
377,12-01-2024,Sports,Gym Equipment,West,Net Banking,2,12240.14,24480.28
378,13-01-2024,Electronics,Smartwatch,West,Debit Card,2,7966.43,15932.86
379,14-01-2024,Books,Education,South,UPI,3,2001.84,6005.52
380,15-01-2024,Sports,Cricket Bat,North,Net Banking,2,7095.46,14190.92
381,16-01-2024,Beauty,Moisturizer,East,Net Banking,2,9128.03,18256.06
382,17-01-2024,Books,Fiction,East,Net Banking,3,8051.55,24154.65
383,18-01-2024,Home & Kitchen,Cookware,East,Net Banking,3,10567.33,31701.99
384,19-01-2024,Sports,Tennis Racket,South,Cash on Delivery,1,19000.51,19000.51
385,20-01-2024,Sports,Gym Equipment,North,Cash on Delivery,4,9295.07,37180.28
386,21-01-2024,Beauty,Shampoo,South,Debit Card,1,9943.9,9943.9
387,22-01-2024,Home & Kitchen,Vacuum Cleaner,West,Credit Card,4,1511.47,6045.88
388,23-01-2024,Beauty,Perfume,North,Credit Card,1,19604.64,19604.64
389,24-01-2024,Sports,Cricket Bat,North,Debit Card,1,7078.79,7078.79
390,25-01-2024,Beauty,Shampoo,East,Net Banking,2,12741.34,25482.68
391,26-01-2024,Home & Kitchen,Toaster,South,Net Banking,4,6962.95,27851.8
392,27-01-2024,Electronics,Laptop,West,Debit Card,3,2751.82,8255.46
393,28-01-2024,Electronics,Headphones,South,UPI,3,11778.37,35335.11
394,29-01-2024,Electronics,Headphones,South,Cash on Delivery,3,2948.78,8846.34
395,30-01-2024,Books,Non-Fiction,North,UPI,4,3765.33,15061.32
396,31-01-2024,Clothing,Shoes,East,Debit Card,4,7044.21,28176.84
397,01-02-2024,Sports,Cricket Bat,West,Credit Card,3,17511.49,52534.47
398,02-02-2024,Home & Kitchen,Toaster,West,Credit Card,3,13417.64,40252.92
399,03-02-2024,Clothing,Jeans,East,Credit Card,2,12118.32,24236.64
400,04-02-2024,Electronics,Phone,West,Cash on Delivery,3,1009.2,3027.6
401,05-02-2024,Sports,Cricket Bat,West,Debit Card,1,7032.64,7032.64
402,06-02-2024,Home & Kitchen,Cookware,West,Net Banking,2,3704.81,7409.62
403,07-02-2024,Electronics,Headphones,North,Debit Card,1,11064.56,11064.56
404,08-02-2024,Electronics,Headphones,South,Cash on Delivery,1,9323.42,9323.42
405,09-02-2024,Sports,Football,East,Credit Card,2,17905.5,35811
406,10-02-2024,Sports,Tennis Racket,West,Credit Card,1,10167.66,10167.66
407,11-02-2024,Books,Non-Fiction,North,Net Banking,1,6567.34,6567.34
408,12-02-2024,Clothing,Jacket,East,Debit Card,2,16028.33,32056.66
409,13-02-2024,Electronics,Headphones,West,Net Banking,1,13818.14,13818.14
410,14-02-2024,Clothing,Jeans,West,Cash on Delivery,4,17496.86,69987.44
411,15-02-2024,Sports,Cricket Bat,South,Net Banking,3,7670.26,23010.78
412,16-02-2024,Books,Education,West,UPI,1,5682.18,5682.18
413,17-02-2024,Beauty,Shampoo,West,UPI,1,1873.44,1873.44
414,18-02-2024,Books,Comics,North,Credit Card,3,3853.52,11560.56
415,19-02-2024,Electronics,Smartwatch,East,Credit Card,3,10824.49,32473.47
416,20-02-2024,Electronics,Headphones,East,Credit Card,4,9793.56,39174.24
417,21-02-2024,Beauty,Shampoo,North,Credit Card,2,15247.12,30494.24
418,22-02-2024,Beauty,Moisturizer,East,Debit Card,2,9358.19,18716.38
419,23-02-2024,Books,Non-Fiction,North,Credit Card,1,1434.36,1434.36
420,24-02-2024,Books,Education,West,Net Banking,3,5198.25,15594.75
421,25-02-2024,Home & Kitchen,Vacuum Cleaner,North,Credit Card,3,13805.88,41417.64
422,26-02-2024,Beauty,Perfume,North,Cash on Delivery,3,10331.21,30993.63
423,27-02-2024,Electronics,Headphones,South,Net Banking,3,803.35,2410.05
424,28-02-2024,Clothing,Jeans,South,Net Banking,2,9058.76,18117.52
425,29-02-2024,Beauty,Moisturizer,South,Cash on Delivery,3,8063.84,24191.52
426,01-03-2024,Home & Kitchen,Toaster,North,Debit Card,4,5531.02,22124.08
427,02-03-2024,Home & Kitchen,Vacuum Cleaner,South,Net Banking,1,3809.22,3809.22
428,03-03-2024,Beauty,Moisturizer,North,Debit Card,3,6577.17,19731.51
429,04-03-2024,Electronics,Smartwatch,South,Credit Card,3,1966.25,5898.75
430,05-03-2024,Books,Comics,North,Cash on Delivery,2,2571.29,5142.58
431,06-03-2024,Home & Kitchen,Cookware,South,Debit Card,1,6989.95,6989.95
432,07-03-2024,Books,Non-Fiction,North,Net Banking,1,13646.23,13646.23
433,08-03-2024,Beauty,Perfume,North,Debit Card,3,13046.69,39140.07
434,09-03-2024,Home & Kitchen,Mixer,South,Credit Card,2,1921.02,3842.04
435,10-03-2024,Clothing,Jeans,East,Cash on Delivery,3,14789.09,44367.27
436,11-03-2024,Books,Comics,North,Credit Card,3,14959.7,44879.1
437,12-03-2024,Books,Fiction,West,Credit Card,1,11376.28,11376.28
438,13-03-2024,Clothing,Jeans,South,Net Banking,2,5818.76,11637.52
439,14-03-2024,Home & Kitchen,Vacuum Cleaner,West,Net Banking,2,18013.02,36026.04
440,15-03-2024,Home & Kitchen,Toaster,South,Cash on Delivery,4,11501.41,46005.64
441,16-03-2024,Home & Kitchen,Cookware,East,Cash on Delivery,4,10065.3,40261.2
442,17-03-2024,Books,Non-Fiction,South,Cash on Delivery,2,12194.34,24388.68
443,18-03-2024,Home & Kitchen,Toaster,East,Cash on Delivery,1,349.18,349.18
444,19-03-2024,Clothing,Shoes,North,Credit Card,1,3226.61,3226.61
445,20-03-2024,Sports,Gym Equipment,South,Credit Card,3,9858.63,29575.89
446,21-03-2024,Clothing,Shirt,West,Net Banking,2,3894.03,7788.06
447,22-03-2024,Sports,Gym Equipment,North,Credit Card,2,16156.12,32312.24
448,23-03-2024,Sports,Football,East,Net Banking,4,17955.96,71823.84
449,24-03-2024,Sports,Tennis Racket,East,Credit Card,3,1222.38,3667.14
450,25-03-2024,Beauty,Shampoo,North,Cash on Delivery,3,8325.86,24977.58
451,26-03-2024,Clothing,Jeans,West,Net Banking,4,19945.66,79782.64
452,27-03-2024,Beauty,Lipstick,East,Credit Card,2,8077.54,16155.08
453,28-03-2024,Books,Non-Fiction,North,UPI,4,18364.43,73457.72
454,29-03-2024,Clothing,Jeans,South,UPI,3,16378.03,49134.09
455,30-03-2024,Sports,Football,East,Cash on Delivery,1,9916.83,9916.83
456,31-03-2024,Clothing,Jeans,South,Net Banking,2,13439.14,26878.28
457,01-04-2024,Beauty,Lipstick,North,UPI,1,14425.45,14425.45
458,02-04-2024,Home & Kitchen,Cookware,West,UPI,3,11517.93,34553.79
459,03-04-2024,Beauty,Moisturizer,South,Debit Card,3,16803.93,50411.79
460,04-04-2024,Electronics,Smartwatch,South,Debit Card,1,3903.47,3903.47
461,05-04-2024,Home & Kitchen,Toaster,West,Cash on Delivery,2,14276.86,28553.72
462,06-04-2024,Clothing,Shirt,West,Net Banking,4,10250.69,41002.76
463,07-04-2024,Home & Kitchen,Mixer,South,Net Banking,1,10690.83,10690.83
464,08-04-2024,Home & Kitchen,Mixer,South,Net Banking,1,12290.28,12290.28
465,09-04-2024,Clothing,Jacket,North,Credit Card,4,1928.35,7713.4
466,10-04-2024,Books,Fiction,East,Debit Card,2,3256.38,6512.76
467,11-04-2024,Home & Kitchen,Vacuum Cleaner,West,Debit Card,4,6548.72,26194.88
468,12-04-2024,Books,Fiction,South,Credit Card,3,1226.11,3678.33
469,13-04-2024,Home & Kitchen,Toaster,East,UPI,2,9194.51,18389.02
470,14-04-2024,Electronics,Headphones,West,Debit Card,1,1454.82,1454.82
471,15-04-2024,Electronics,Laptop,North,Credit Card,4,4194.26,16777.04
472,16-04-2024,Sports,Football,South,Net Banking,4,16235.51,64942.04
473,17-04-2024,Home & Kitchen,Toaster,East,Cash on Delivery,1,2948.73,2948.73
474,18-04-2024,Sports,Cricket Bat,South,UPI,1,15252.51,15252.51
475,19-04-2024,Home & Kitchen,Mixer,East,Credit Card,3,9568.69,28706.07
476,20-04-2024,Sports,Gym Equipment,North,Net Banking,2,8354.45,16708.9
477,21-04-2024,Sports,Gym Equipment,North,Cash on Delivery,2,2312.65,4625.3
478,22-04-2024,Home & Kitchen,Mixer,South,Cash on Delivery,1,16646.26,16646.26
479,23-04-2024,Books,Education,North,Cash on Delivery,4,8288.66,33154.64
480,24-04-2024,Sports,Cricket Bat,East,Net Banking,1,14671.18,14671.18
481,25-04-2024,Electronics,Smartwatch,East,Cash on Delivery,1,4259.04,4259.04
482,26-04-2024,Sports,Tennis Racket,East,Cash on Delivery,3,1516.63,4549.89
483,27-04-2024,Home & Kitchen,Mixer,South,Debit Card,4,14487.61,57950.44
484,28-04-2024,Books,Education,North,Debit Card,4,16868.21,67472.84
485,29-04-2024,Home & Kitchen,Mixer,North,Debit Card,4,16593.23,66372.92
486,30-04-2024,Beauty,Moisturizer,North,UPI,1,4192.22,4192.22
487,01-05-2024,Electronics,Laptop,North,Credit Card,2,16537.63,33075.26
488,02-05-2024,Home & Kitchen,Cookware,East,UPI,1,16328.58,16328.58
489,03-05-2024,Home & Kitchen,Cookware,West,Credit Card,3,12748.42,38245.26
490,04-05-2024,Home & Kitchen,Mixer,East,Credit Card,2,7304.84,14609.68
491,05-05-2024,Electronics,Laptop,East,Credit Card,1,11848.47,11848.47
492,06-05-2024,Clothing,Shoes,East,Cash on Delivery,2,16368.67,32737.34
493,07-05-2024,Sports,Tennis Racket,East,UPI,3,14332.89,42998.67
494,08-05-2024,Home & Kitchen,Cookware,West,UPI,4,9361.06,37444.24
495,09-05-2024,Sports,Gym Equipment,East,Credit Card,2,10887.67,21775.34
496,10-05-2024,Books,Non-Fiction,North,Cash on Delivery,3,10153.86,30461.58
497,11-05-2024,Beauty,Perfume,East,Net Banking,1,7236.18,7236.18
498,12-05-2024,Clothing,Shoes,South,UPI,3,7801.05,23403.15
499,13-05-2024,Home & Kitchen,Toaster,East,UPI,2,1519.06,3038.12
500,14-05-2024,Clothing,Shoes,North,Cash on Delivery,4,12559.91,50239.64
501,15-05-2024,Sports,Gym Equipment,East,Credit Card,3,8744.26,26232.78
502,16-05-2024,Books,Comics,North,Credit Card,3,12628.62,37885.86
503,17-05-2024,Sports,Gym Equipment,South,Net Banking,4,13935.61,55742.44
504,18-05-2024,Books,Fiction,East,Net Banking,4,15921.7,63686.8
505,19-05-2024,Electronics,Laptop,West,UPI,1,10009.39,10009.39
506,20-05-2024,Books,Fiction,North,UPI,2,17899.07,35798.14
507,21-05-2024,Books,Non-Fiction,East,Credit Card,4,19954.31,79817.24
508,22-05-2024,Clothing,Shoes,West,UPI,1,6372.1,6372.1
509,23-05-2024,Electronics,Smartwatch,South,Debit Card,1,15615.72,15615.72
510,24-05-2024,Books,Education,East,Debit Card,1,863.94,863.94
511,25-05-2024,Electronics,Laptop,West,UPI,2,14338.47,28676.94
512,26-05-2024,Clothing,Shoes,South,Credit Card,1,17559.96,17559.96
513,27-05-2024,Beauty,Perfume,East,Cash on Delivery,1,2237.74,2237.74
514,28-05-2024,Books,Education,East,Net Banking,1,2390.51,2390.51
515,29-05-2024,Clothing,Jeans,South,Net Banking,4,9248.6,36994.4
516,30-05-2024,Electronics,Phone,East,Net Banking,4,8066.29,32265.16
517,31-05-2024,Clothing,Jeans,West,Credit Card,1,10889.24,10889.24
518,01-06-2024,Books,Fiction,North,Debit Card,1,4739.18,4739.18
519,02-06-2024,Clothing,Jacket,South,Debit Card,4,15483.26,61933.04
520,03-06-2024,Books,Non-Fiction,West,Debit Card,3,12894.72,38684.16
521,04-06-2024,Electronics,Smartwatch,North,Debit Card,3,11397.07,34191.21
522,05-06-2024,Home & Kitchen,Toaster,North,Credit Card,2,5185.62,10371.24
523,06-06-2024,Electronics,Laptop,East,Cash on Delivery,1,16570.62,16570.62
524,07-06-2024,Home & Kitchen,Mixer,East,Credit Card,2,18187.32,36374.64
525,08-06-2024,Sports,Cricket Bat,East,Credit Card,2,4701.55,9403.1
526,09-06-2024,Sports,Gym Equipment,East,UPI,3,9347.71,28043.13
527,10-06-2024,Sports,Football,East,UPI,2,12376.02,24752.04
528,11-06-2024,Beauty,Shampoo,West,Cash on Delivery,2,11807.35,23614.7
529,12-06-2024,Books,Comics,South,Cash on Delivery,2,2195.73,4391.46
530,13-06-2024,Beauty,Lipstick,East,Credit Card,1,558.58,558.58
531,14-06-2024,Clothing,Shoes,East,Net Banking,4,11940.67,47762.68
532,15-06-2024,Sports,Football,East,UPI,4,11389.64,45558.56
533,16-06-2024,Sports,Gym Equipment,East,UPI,4,15843.68,63374.72
534,17-06-2024,Home & Kitchen,Toaster,East,Net Banking,1,14203.32,14203.32
535,18-06-2024,Beauty,Lipstick,West,UPI,2,15470.68,30941.36
536,19-06-2024,Clothing,Shirt,South,Net Banking,3,12212.96,36638.88
537,20-06-2024,Home & Kitchen,Mixer,South,Debit Card,2,1730.96,3461.92
538,21-06-2024,Home & Kitchen,Vacuum Cleaner,West,Cash on Delivery,2,18700.47,37400.94
539,22-06-2024,Books,Comics,North,Cash on Delivery,2,18231.59,36463.18
540,23-06-2024,Electronics,Phone,North,Credit Card,1,2442.11,2442.11
541,24-06-2024,Home & Kitchen,Mixer,West,Credit Card,1,3477.31,3477.31
542,25-06-2024,Books,Fiction,West,Credit Card,4,2668.32,10673.28
543,26-06-2024,Books,Education,East,Debit Card,1,6776.5,6776.5
544,27-06-2024,Electronics,Smartwatch,East,Credit Card,2,10472.99,20945.98
545,28-06-2024,Beauty,Perfume,South,Credit Card,4,12236.31,48945.24
546,29-06-2024,Books,Fiction,North,Credit Card,3,1284.28,3852.84
547,30-06-2024,Beauty,Lipstick,West,Net Banking,1,4270.48,4270.48
548,01-07-2024,Electronics,Phone,North,UPI,1,291.71,291.71
549,02-07-2024,Sports,Gym Equipment,West,Debit Card,1,2462.49,2462.49
550,03-07-2024,Books,Fiction,South,Credit Card,4,10840.43,43361.72
551,04-07-2024,Sports,Tennis Racket,West,Credit Card,3,18474.61,55423.83
552,05-07-2024,Books,Non-Fiction,North,Credit Card,3,7069.67,21209.01
553,06-07-2024,Electronics,Smartwatch,East,Credit Card,2,18385.4,36770.8
554,07-07-2024,Home & Kitchen,Cookware,South,Debit Card,4,4647.18,18588.72
555,08-07-2024,Electronics,Phone,West,Net Banking,4,18272.44,73089.76
556,09-07-2024,Beauty,Perfume,East,Debit Card,2,3692.46,7384.92
557,10-07-2024,Electronics,Laptop,West,Cash on Delivery,3,3477.16,10431.48
558,11-07-2024,Books,Education,East,Net Banking,1,18313.95,18313.95
559,12-07-2024,Electronics,Laptop,East,UPI,1,15653.82,15653.82
560,13-07-2024,Beauty,Moisturizer,West,Credit Card,3,12718.83,38156.49
561,14-07-2024,Home & Kitchen,Toaster,East,Net Banking,4,4411.08,17644.32
562,15-07-2024,Sports,Tennis Racket,West,Cash on Delivery,1,3725.11,3725.11
563,16-07-2024,Books,Comics,North,Credit Card,4,9287.98,37151.92
564,17-07-2024,Electronics,Phone,South,Net Banking,4,8409.56,33638.24
565,18-07-2024,Sports,Gym Equipment,South,Net Banking,4,10794.38,43177.52
566,19-07-2024,Electronics,Phone,West,Credit Card,4,10143.46,40573.84
567,20-07-2024,Sports,Gym Equipment,North,Debit Card,1,6336.75,6336.75
568,21-07-2024,Home & Kitchen,Vacuum Cleaner,South,Debit Card,2,15049.22,30098.44
569,22-07-2024,Home & Kitchen,Mixer,West,Debit Card,3,16035.68,48107.04
570,23-07-2024,Beauty,Shampoo,South,UPI,2,4261.76,8523.52
571,24-07-2024,Electronics,Smartwatch,North,Credit Card,1,12574.52,12574.52
572,25-07-2024,Electronics,Headphones,South,Credit Card,1,9546.93,9546.93
573,26-07-2024,Beauty,Lipstick,North,Credit Card,4,11831.58,47326.32
574,27-07-2024,Books,Comics,North,Credit Card,1,15555.45,15555.45
575,28-07-2024,Sports,Cricket Bat,East,Debit Card,3,10647.43,31942.29
576,29-07-2024,Home & Kitchen,Toaster,South,Credit Card,2,8927.1,17854.2
577,30-07-2024,Beauty,Lipstick,North,Debit Card,2,10040.84,20081.68
578,31-07-2024,Sports,Tennis Racket,West,Cash on Delivery,3,3273.76,9821.28
579,01-08-2024,Clothing,Jacket,East,Cash on Delivery,1,6820.38,6820.38
580,02-08-2024,Books,Non-Fiction,East,Debit Card,3,18933.09,56799.27
581,03-08-2024,Sports,Tennis Racket,West,Net Banking,4,5591.58,22366.32
582,04-08-2024,Books,Education,West,Cash on Delivery,3,12951.19,38853.57
583,05-08-2024,Home & Kitchen,Cookware,West,Credit Card,4,16054.85,64219.4
584,06-08-2024,Sports,Gym Equipment,North,Cash on Delivery,3,3291.82,9875.46
585,07-08-2024,Books,Comics,South,Net Banking,2,17366.48,34732.96
586,08-08-2024,Clothing,Jeans,South,Net Banking,4,736.5,2946
587,09-08-2024,Sports,Football,West,Cash on Delivery,3,5226.99,15680.97
588,10-08-2024,Books,Comics,North,Net Banking,3,13503.48,40510.44
589,11-08-2024,Clothing,Jacket,North,Net Banking,1,11981.97,11981.97
590,12-08-2024,Sports,Football,South,Credit Card,1,16038.34,16038.34
591,13-08-2024,Books,Comics,North,Cash on Delivery,3,17771.72,53315.16
592,14-08-2024,Electronics,Laptop,South,Credit Card,4,4916.02,19664.08
593,15-08-2024,Electronics,Headphones,North,Net Banking,2,16145.24,32290.48
594,16-08-2024,Beauty,Lipstick,North,Debit Card,4,14500.89,58003.56
595,17-08-2024,Sports,Gym Equipment,North,UPI,4,16175.63,64702.52
596,18-08-2024,Sports,Cricket Bat,West,Cash on Delivery,4,8064.23,32256.92
597,19-08-2024,Books,Education,East,UPI,1,2993.42,2993.42
598,20-08-2024,Home & Kitchen,Cookware,East,Debit Card,2,6004.33,12008.66
599,21-08-2024,Clothing,Shirt,North,Cash on Delivery,4,1921.12,7684.48
600,22-08-2024,Clothing,Shirt,South,UPI,2,1893.07,3786.14
601,23-08-2024,Home & Kitchen,Mixer,North,Net Banking,3,16992.94,50978.82
602,24-08-2024,Home & Kitchen,Cookware,North,Net Banking,4,3792.42,15169.68
603,25-08-2024,Books,Comics,West,Debit Card,4,12929.93,51719.72
604,26-08-2024,Sports,Cricket Bat,North,Debit Card,2,17874.9,35749.8
605,27-08-2024,Sports,Tennis Racket,North,Cash on Delivery,3,12570.27,37710.81
606,28-08-2024,Beauty,Perfume,West,Credit Card,3,5336.58,16009.74
607,29-08-2024,Home & Kitchen,Cookware,South,Credit Card,2,7388.57,14777.14
608,30-08-2024,Books,Comics,West,UPI,3,5507.66,16522.98
609,31-08-2024,Electronics,Phone,North,Net Banking,1,7034.8,7034.8
610,01-09-2024,Clothing,Shoes,South,Credit Card,4,11130.53,44522.12
611,02-09-2024,Electronics,Smartwatch,North,Debit Card,2,17249.15,34498.3
612,03-09-2024,Electronics,Phone,West,Net Banking,3,18979.38,56938.14
613,04-09-2024,Books,Non-Fiction,South,Credit Card,2,15639.22,31278.44
614,05-09-2024,Sports,Cricket Bat,North,Cash on Delivery,1,17395.67,17395.67
615,06-09-2024,Beauty,Shampoo,West,Cash on Delivery,4,19710.27,78841.08
616,07-09-2024,Beauty,Moisturizer,East,Debit Card,3,16037.13,48111.39
617,08-09-2024,Beauty,Perfume,East,Net Banking,1,9798.61,9798.61
618,09-09-2024,Clothing,Shoes,West,UPI,1,5519.81,5519.81
619,10-09-2024,Clothing,Jeans,West,UPI,4,14037.15,56148.6
620,11-09-2024,Home & Kitchen,Vacuum Cleaner,North,UPI,1,5306.18,5306.18
621,12-09-2024,Books,Fiction,North,Debit Card,2,12972.07,25944.14
622,13-09-2024,Books,Fiction,East,Cash on Delivery,2,19691.16,39382.32
623,14-09-2024,Beauty,Lipstick,North,Credit Card,2,18031.33,36062.66
624,15-09-2024,Home & Kitchen,Toaster,North,Net Banking,2,5591.69,11183.38
625,16-09-2024,Electronics,Laptop,South,UPI,3,16487.16,49461.48
626,17-09-2024,Beauty,Shampoo,North,Cash on Delivery,4,2531.47,10125.88
627,18-09-2024,Sports,Tennis Racket,West,Net Banking,4,10062.2,40248.8
628,19-09-2024,Home & Kitchen,Toaster,North,Net Banking,2,11172.72,22345.44
629,20-09-2024,Books,Fiction,North,Net Banking,1,10049.8,10049.8
630,21-09-2024,Clothing,Jacket,South,Cash on Delivery,4,4287.14,17148.56
631,22-09-2024,Home & Kitchen,Vacuum Cleaner,East,Debit Card,2,2972.37,5944.74
632,23-09-2024,Clothing,Shirt,West,UPI,3,18020.37,54061.11
633,24-09-2024,Home & Kitchen,Mixer,West,UPI,2,14697.25,29394.5
634,25-09-2024,Beauty,Perfume,South,Cash on Delivery,2,12090.23,24180.46
635,26-09-2024,Electronics,Smartwatch,West,Net Banking,1,9986.62,9986.62
636,27-09-2024,Electronics,Headphones,East,Debit Card,2,18305.36,36610.72
637,28-09-2024,Beauty,Shampoo,North,Cash on Delivery,2,8206.75,16413.5
638,29-09-2024,Beauty,Moisturizer,North,Net Banking,2,10474.57,20949.14
639,30-09-2024,Home & Kitchen,Toaster,East,Cash on Delivery,4,7206.65,28826.6
640,01-10-2024,Sports,Football,South,Cash on Delivery,2,14813.07,29626.14
641,02-10-2024,Home & Kitchen,Vacuum Cleaner,West,Debit Card,3,1988.67,5966.01
642,03-10-2024,Beauty,Perfume,West,Cash on Delivery,3,5057.91,15173.73
643,04-10-2024,Clothing,Shoes,North,Credit Card,1,16774.16,16774.16
644,05-10-2024,Sports,Tennis Racket,West,Net Banking,3,7242.32,21726.96
645,06-10-2024,Home & Kitchen,Mixer,South,Cash on Delivery,1,14486.35,14486.35
646,07-10-2024,Clothing,Shirt,West,UPI,4,11414.81,45659.24
647,08-10-2024,Beauty,Perfume,West,Cash on Delivery,2,8053.66,16107.32
648,09-10-2024,Home & Kitchen,Vacuum Cleaner,North,Debit Card,4,18749.23,74996.92
649,10-10-2024,Beauty,Perfume,East,Credit Card,1,9778.35,9778.35
650,11-10-2024,Beauty,Perfume,East,Net Banking,2,817.43,1634.86
651,12-10-2024,Books,Education,West,Debit Card,4,3407.87,13631.48
652,13-10-2024,Electronics,Phone,East,Cash on Delivery,4,1218.23,4872.92
653,14-10-2024,Books,Comics,East,Cash on Delivery,2,19113.68,38227.36
654,15-10-2024,Books,Non-Fiction,North,Debit Card,3,6818.03,20454.09
655,16-10-2024,Clothing,Shirt,West,Credit Card,2,9589.9,19179.8
656,17-10-2024,Home & Kitchen,Cookware,West,Debit Card,1,1687.73,1687.73
657,18-10-2024,Books,Non-Fiction,South,Net Banking,1,8373.31,8373.31
658,19-10-2024,Sports,Gym Equipment,West,Debit Card,1,13830.37,13830.37
659,20-10-2024,Home & Kitchen,Vacuum Cleaner,North,UPI,2,9301.69,18603.38
660,21-10-2024,Beauty,Shampoo,East,Debit Card,3,16418.23,49254.69
661,22-10-2024,Electronics,Smartwatch,West,Credit Card,1,246.32,246.32
662,23-10-2024,Clothing,Shoes,North,Credit Card,3,5588.47,16765.41
663,24-10-2024,Beauty,Lipstick,West,Debit Card,2,2241.26,4482.52
664,25-10-2024,Books,Education,West,Debit Card,1,2013.33,2013.33
665,26-10-2024,Home & Kitchen,Vacuum Cleaner,South,Debit Card,3,19249.56,57748.68
666,27-10-2024,Books,Education,West,Credit Card,1,19014.7,19014.7
667,28-10-2024,Beauty,Moisturizer,North,UPI,3,10521.75,31565.25
668,29-10-2024,Beauty,Moisturizer,West,Debit Card,4,10929.64,43718.56
669,30-10-2024,Beauty,Shampoo,East,Cash on Delivery,4,15216.17,60864.68
670,31-10-2024,Clothing,Jeans,West,Net Banking,3,16169.91,48509.73
671,01-11-2024,Clothing,Shoes,West,Cash on Delivery,3,14537.25,43611.75
672,02-11-2024,Home & Kitchen,Cookware,East,Cash on Delivery,4,17014.07,68056.28
673,03-11-2024,Electronics,Laptop,North,UPI,1,18086.6,18086.6
674,04-11-2024,Books,Non-Fiction,North,UPI,4,4579.95,18319.8
675,05-11-2024,Electronics,Laptop,North,UPI,2,1221.6,2443.2
676,06-11-2024,Beauty,Perfume,West,Debit Card,2,980.65,1961.3
677,07-11-2024,Sports,Gym Equipment,East,Net Banking,2,11847.62,23695.24
678,08-11-2024,Home & Kitchen,Cookware,West,Cash on Delivery,1,3775.39,3775.39
679,09-11-2024,Clothing,Jeans,South,Net Banking,1,9569.56,9569.56
680,10-11-2024,Sports,Cricket Bat,South,Cash on Delivery,3,872.13,2616.39
681,11-11-2024,Home & Kitchen,Cookware,East,Credit Card,1,14674.27,14674.27
682,12-11-2024,Books,Education,West,Net Banking,3,18503.04,55509.12
683,13-11-2024,Beauty,Lipstick,West,Cash on Delivery,2,8550.9,17101.8
684,14-11-2024,Beauty,Perfume,East,UPI,1,9589.44,9589.44
685,15-11-2024,Books,Non-Fiction,North,Net Banking,2,1286.68,2573.36
686,16-11-2024,Electronics,Phone,East,Net Banking,3,6518.19,19554.57
687,17-11-2024,Books,Education,West,UPI,2,12962.02,25924.04
688,18-11-2024,Sports,Tennis Racket,South,Net Banking,2,12006.14,24012.28
689,19-11-2024,Books,Comics,West,Debit Card,3,11301.41,33904.23
690,20-11-2024,Beauty,Lipstick,South,UPI,1,1723.67,1723.67
691,21-11-2024,Electronics,Phone,South,Debit Card,1,10699.25,10699.25
692,22-11-2024,Books,Non-Fiction,North,Cash on Delivery,2,14550.38,29100.76
693,23-11-2024,Home & Kitchen,Vacuum Cleaner,West,Cash on Delivery,4,11534.07,46136.28
694,24-11-2024,Beauty,Perfume,East,Net Banking,4,10881.93,43527.72
695,25-11-2024,Beauty,Perfume,East,Net Banking,1,13300.77,13300.77
696,26-11-2024,Home & Kitchen,Cookware,North,Cash on Delivery,1,12592.65,12592.65
697,27-11-2024,Electronics,Smartwatch,East,UPI,4,8650.98,34603.92
698,28-11-2024,Beauty,Perfume,East,Net Banking,4,4812.6,19250.4
699,29-11-2024,Electronics,Laptop,East,Credit Card,3,9346.47,28039.41
700,30-11-2024,Clothing,Shirt,North,Net Banking,2,621.13,1242.26
701,01-12-2024,Home & Kitchen,Toaster,South,Cash on Delivery,3,3872.36,11617.08
702,02-12-2024,Books,Non-Fiction,South,Net Banking,2,18793.54,37587.08
703,03-12-2024,Books,Non-Fiction,West,UPI,3,1586.59,4759.77
704,04-12-2024,Books,Non-Fiction,North,Debit Card,2,7144.09,14288.18
705,05-12-2024,Home & Kitchen,Toaster,West,Net Banking,2,1953.16,3906.32
706,06-12-2024,Electronics,Laptop,South,UPI,2,9701.54,19403.08
707,07-12-2024,Electronics,Phone,South,UPI,1,11698.99,11698.99
708,08-12-2024,Home & Kitchen,Cookware,West,Net Banking,4,19684.85,78739.4
709,09-12-2024,Clothing,Shoes,North,UPI,2,2015.65,4031.3
710,10-12-2024,Beauty,Moisturizer,South,Debit Card,3,8542.87,25628.61
711,11-12-2024,Clothing,Shirt,West,UPI,1,14698.98,14698.98
712,12-12-2024,Clothing,Shoes,North,Net Banking,1,2387.39,2387.39
713,13-12-2024,Clothing,Jacket,West,Debit Card,2,6080.66,12161.32
714,14-12-2024,Sports,Gym Equipment,North,UPI,2,6066.9,12133.8
715,15-12-2024,Home & Kitchen,Mixer,West,Credit Card,2,11864.35,23728.7
716,16-12-2024,Home & Kitchen,Vacuum Cleaner,East,Cash on Delivery,4,553.9,2215.6
717,17-12-2024,Clothing,Jacket,East,Cash on Delivery,2,1092.99,2185.98
718,18-12-2024,Sports,Gym Equipment,South,Debit Card,3,7809.67,23429.01
719,19-12-2024,Electronics,Laptop,North,Net Banking,4,2663.86,10655.44
720,20-12-2024,Home & Kitchen,Toaster,East,Cash on Delivery,3,19009.23,57027.69
721,21-12-2024,Sports,Cricket Bat,North,UPI,1,5327.86,5327.86
722,22-12-2024,Home & Kitchen,Vacuum Cleaner,North,Net Banking,4,8468.1,33872.4
723,23-12-2024,Electronics,Smartwatch,West,Cash on Delivery,4,17707.14,70828.56
724,24-12-2024,Books,Comics,South,Credit Card,4,9454.55,37818.2
725,25-12-2024,Electronics,Smartwatch,North,Debit Card,1,19785.86,19785.86
726,26-12-2024,Home & Kitchen,Vacuum Cleaner,East,Credit Card,3,19825.14,59475.42
727,27-12-2024,Sports,Football,South,Cash on Delivery,3,8151.29,24453.87
728,28-12-2024,Books,Comics,West,Credit Card,1,13063,13063
729,29-12-2024,Electronics,Smartwatch,South,Credit Card,1,16646.72,16646.72
730,30-12-2024,Sports,Football,West,UPI,2,4767.26,9534.52
731,31-12-2024,Sports,Gym Equipment,East,Cash on Delivery,2,7804.99,15609.98
732,01-01-2025,Electronics,Headphones,West,Cash on Delivery,1,3891.48,3891.48
733,02-01-2025,Books,Comics,West,Credit Card,3,16558.87,49676.61
734,03-01-2025,Books,Education,East,UPI,1,1345.28,1345.28
735,04-01-2025,Sports,Gym Equipment,East,Net Banking,3,4483.22,13449.66
736,05-01-2025,Sports,Gym Equipment,North,Net Banking,1,18569.5,18569.5
737,06-01-2025,Beauty,Moisturizer,East,Net Banking,2,10595.62,21191.24
738,07-01-2025,Electronics,Smartwatch,East,UPI,3,8045.59,24136.77
739,08-01-2025,Sports,Tennis Racket,North,Credit Card,2,9925.49,19850.98
740,09-01-2025,Home & Kitchen,Mixer,West,Cash on Delivery,1,3247.14,3247.14
741,10-01-2025,Electronics,Headphones,South,Cash on Delivery,4,9374.94,37499.76
742,11-01-2025,Sports,Tennis Racket,West,Credit Card,1,4631.59,4631.59
743,12-01-2025,Home & Kitchen,Cookware,South,UPI,3,890.33,2670.99
744,13-01-2025,Clothing,Jeans,East,UPI,4,11685.71,46742.84
745,14-01-2025,Beauty,Moisturizer,East,UPI,2,9257.16,18514.32
746,15-01-2025,Beauty,Shampoo,South,Debit Card,4,5458.88,21835.52
747,16-01-2025,Electronics,Smartwatch,East,Cash on Delivery,4,9638.2,38552.8
748,17-01-2025,Electronics,Smartwatch,West,Credit Card,3,19121.9,57365.7
749,18-01-2025,Books,Comics,North,Debit Card,4,901.36,3605.44
750,19-01-2025,Books,Comics,South,Debit Card,3,13173.79,39521.37
751,20-01-2025,Home & Kitchen,Mixer,West,Credit Card,1,14757.21,14757.21
752,21-01-2025,Books,Comics,West,UPI,2,8287.37,16574.74
753,22-01-2025,Clothing,Jeans,North,UPI,3,300.63,901.89
754,23-01-2025,Home & Kitchen,Toaster,South,Net Banking,3,14523.72,43571.16
755,24-01-2025,Home & Kitchen,Cookware,West,UPI,2,10745.53,21491.06
756,25-01-2025,Beauty,Shampoo,East,Debit Card,1,4559.63,4559.63
757,26-01-2025,Beauty,Lipstick,North,Debit Card,1,17910.7,17910.7
758,27-01-2025,Beauty,Perfume,West,Credit Card,1,17053.9,17053.9
759,28-01-2025,Electronics,Phone,East,Cash on Delivery,4,17681.54,70726.16
760,29-01-2025,Clothing,Jeans,North,Net Banking,2,11929.67,23859.34
761,30-01-2025,Books,Education,South,Net Banking,2,11512.12,23024.24
762,31-01-2025,Electronics,Phone,North,Net Banking,4,13624.72,54498.88
763,01-02-2025,Electronics,Phone,South,Cash on Delivery,3,17316.96,51950.88
764,02-02-2025,Sports,Gym Equipment,North,UPI,1,17596.87,17596.87
765,03-02-2025,Clothing,Jacket,East,Cash on Delivery,3,17389.58,52168.74
766,04-02-2025,Home & Kitchen,Cookware,South,Cash on Delivery,4,17041.52,68166.08
767,05-02-2025,Electronics,Smartwatch,South,Cash on Delivery,3,3375.92,10127.76
768,06-02-2025,Books,Fiction,South,Credit Card,1,16772.86,16772.86
769,07-02-2025,Clothing,Shirt,West,Credit Card,1,18615.79,18615.79
770,08-02-2025,Sports,Football,West,Credit Card,4,12448.51,49794.04
771,09-02-2025,Books,Non-Fiction,South,UPI,2,3946.59,7893.18
772,10-02-2025,Electronics,Smartwatch,North,Cash on Delivery,1,17641.24,17641.24
773,11-02-2025,Clothing,Jeans,North,UPI,2,9416.31,18832.62
774,12-02-2025,Electronics,Phone,North,UPI,3,16551.17,49653.51
775,13-02-2025,Home & Kitchen,Cookware,East,Cash on Delivery,2,16434.95,32869.9
776,14-02-2025,Sports,Tennis Racket,South,Debit Card,1,14921.46,14921.46
777,15-02-2025,Sports,Gym Equipment,North,UPI,3,222.18,666.54
778,16-02-2025,Beauty,Moisturizer,East,Cash on Delivery,2,16676.26,33352.52
779,17-02-2025,Clothing,Jacket,West,Debit Card,1,5322.03,5322.03
780,18-02-2025,Beauty,Shampoo,East,Net Banking,2,5883.36,11766.72
781,19-02-2025,Home & Kitchen,Mixer,South,UPI,2,6663.38,13326.76
782,20-02-2025,Clothing,Shoes,South,Cash on Delivery,1,12709.91,12709.91
783,21-02-2025,Beauty,Lipstick,West,Cash on Delivery,3,7658.57,22975.71
784,22-02-2025,Books,Fiction,West,UPI,4,10891.71,43566.84
785,23-02-2025,Home & Kitchen,Cookware,West,Credit Card,3,2743.28,8229.84
786,24-02-2025,Sports,Tennis Racket,East,Debit Card,3,15268.35,45805.05
787,25-02-2025,Clothing,Jacket,South,Credit Card,2,8758.37,17516.74
788,26-02-2025,Beauty,Perfume,East,UPI,2,6969.07,13938.14
789,27-02-2025,Beauty,Lipstick,North,Credit Card,4,3754.05,15016.2
790,28-02-2025,Beauty,Moisturizer,East,Net Banking,1,2229.69,2229.69
791,01-03-2025,Clothing,Jeans,South,Debit Card,4,3640.32,14561.28
792,02-03-2025,Books,Comics,North,Cash on Delivery,4,1543.17,6172.68
793,03-03-2025,Clothing,Jacket,East,Credit Card,3,3494.28,10482.84
794,04-03-2025,Books,Education,East,Cash on Delivery,4,1533.54,6134.16
795,05-03-2025,Beauty,Shampoo,South,Cash on Delivery,2,9576.76,19153.52
796,06-03-2025,Books,Non-Fiction,North,Cash on Delivery,2,12494.13,24988.26
797,07-03-2025,Beauty,Perfume,South,UPI,3,17077.81,51233.43
798,08-03-2025,Beauty,Moisturizer,North,Credit Card,2,19475.08,38950.16
799,09-03-2025,Books,Comics,South,UPI,1,9029.97,9029.97
800,10-03-2025,Home & Kitchen,Vacuum Cleaner,South,Net Banking,3,2775.71,8327.13
801,11-03-2025,Home & Kitchen,Toaster,East,Debit Card,1,7795.52,7795.52
802,12-03-2025,Sports,Football,West,UPI,1,638.05,638.05
803,13-03-2025,Books,Fiction,North,Cash on Delivery,2,7562.3,15124.6
804,14-03-2025,Books,Fiction,South,Debit Card,4,15454.07,61816.28
805,15-03-2025,Beauty,Perfume,South,Debit Card,2,220.38,440.76
806,16-03-2025,Home & Kitchen,Mixer,South,Cash on Delivery,2,5617.81,11235.62
807,17-03-2025,Electronics,Laptop,West,UPI,1,18897.21,18897.21
808,18-03-2025,Home & Kitchen,Toaster,West,Cash on Delivery,3,9137.46,27412.38
809,19-03-2025,Books,Comics,West,UPI,3,10635.08,31905.24
810,20-03-2025,Sports,Cricket Bat,North,Credit Card,1,13934.91,13934.91
811,21-03-2025,Electronics,Phone,North,UPI,4,16830.95,67323.8
812,22-03-2025,Electronics,Headphones,North,Credit Card,3,13673.89,41021.67
813,23-03-2025,Sports,Tennis Racket,South,UPI,2,2800.44,5600.88
814,24-03-2025,Clothing,Jeans,West,Cash on Delivery,3,19027.1,57081.3
815,25-03-2025,Books,Fiction,West,Credit Card,4,819.79,3279.16
816,26-03-2025,Electronics,Smartwatch,South,Cash on Delivery,1,18883.6,18883.6
817,27-03-2025,Home & Kitchen,Toaster,South,Cash on Delivery,4,17175.73,68702.92
818,28-03-2025,Books,Education,East,Debit Card,4,8072.37,32289.48
819,29-03-2025,Home & Kitchen,Mixer,South,Debit Card,1,8957.52,8957.52
820,30-03-2025,Electronics,Laptop,North,Net Banking,3,8304.81,24914.43
821,31-03-2025,Electronics,Laptop,North,Cash on Delivery,4,14543.57,58174.28
822,01-04-2025,Sports,Cricket Bat,South,Debit Card,2,4419.47,8838.94
823,02-04-2025,Electronics,Laptop,West,Debit Card,4,17388.83,69555.32
824,03-04-2025,Books,Education,East,Net Banking,4,7496.82,29987.28
825,04-04-2025,Electronics,Laptop,North,Credit Card,3,9536.34,28609.02
826,05-04-2025,Books,Non-Fiction,East,Cash on Delivery,3,19370.23,58110.69
827,06-04-2025,Sports,Football,South,Cash on Delivery,2,4233.28,8466.56
828,07-04-2025,Electronics,Laptop,South,Net Banking,1,15576.62,15576.62
829,08-04-2025,Sports,Football,East,Cash on Delivery,3,9183.13,27549.39
830,09-04-2025,Beauty,Shampoo,South,Cash on Delivery,2,15268.28,30536.56
831,10-04-2025,Clothing,Shoes,East,Debit Card,3,15976.6,47929.8
832,11-04-2025,Clothing,Jeans,West,Credit Card,4,844.02,3376.08
833,12-04-2025,Home & Kitchen,Toaster,West,Net Banking,4,19356.72,77426.88
834,13-04-2025,Books,Comics,South,Credit Card,4,15971.44,63885.76
835,14-04-2025,Sports,Tennis Racket,East,UPI,1,224.39,224.39
836,15-04-2025,Books,Non-Fiction,East,Net Banking,3,2678.68,8036.04
837,16-04-2025,Sports,Cricket Bat,North,Net Banking,4,5101.29,20405.16
838,17-04-2025,Books,Education,South,Cash on Delivery,1,4170.39,4170.39
839,18-04-2025,Sports,Cricket Bat,North,UPI,1,3384.34,3384.34
840,19-04-2025,Books,Education,West,Debit Card,2,11723.03,23446.06
841,20-04-2025,Sports,Football,West,Net Banking,1,11887.23,11887.23
842,21-04-2025,Home & Kitchen,Toaster,West,Debit Card,4,6345.17,25380.68
843,22-04-2025,Books,Fiction,South,Cash on Delivery,1,3161.7,3161.7
844,23-04-2025,Sports,Gym Equipment,South,Cash on Delivery,1,1634.45,1634.45
845,24-04-2025,Electronics,Smartwatch,West,Debit Card,4,8031.79,32127.16
846,25-04-2025,Beauty,Perfume,West,UPI,3,12080.41,36241.23
847,26-04-2025,Home & Kitchen,Cookware,West,Debit Card,4,13208.28,52833.12
848,27-04-2025,Books,Education,East,Cash on Delivery,1,17230.42,17230.42
849,28-04-2025,Books,Fiction,North,Net Banking,2,18174.81,36349.62
850,29-04-2025,Home & Kitchen,Mixer,North,UPI,3,9714.04,29142.12
851,30-04-2025,Books,Education,East,Debit Card,4,3089.26,12357.04
852,01-05-2025,Beauty,Perfume,South,Cash on Delivery,4,19735.92,78943.68
853,02-05-2025,Electronics,Smartwatch,North,Credit Card,4,563.68,2254.72
854,03-05-2025,Electronics,Headphones,South,Net Banking,2,12439.48,24878.96
855,04-05-2025,Books,Fiction,South,Credit Card,4,7051.13,28204.52
856,05-05-2025,Home & Kitchen,Cookware,West,Credit Card,4,393.46,1573.84
857,06-05-2025,Beauty,Perfume,South,UPI,4,1633.84,6535.36
858,07-05-2025,Electronics,Laptop,South,Debit Card,1,1939.76,1939.76
859,08-05-2025,Beauty,Perfume,North,Debit Card,1,1833.67,1833.67
860,09-05-2025,Electronics,Laptop,South,Credit Card,1,1755.85,1755.85
861,10-05-2025,Clothing,Shoes,North,UPI,2,6577.48,13154.96
862,11-05-2025,Electronics,Laptop,North,Cash on Delivery,2,11437.31,22874.62
863,12-05-2025,Electronics,Laptop,West,Credit Card,2,13925.24,27850.48
864,13-05-2025,Sports,Tennis Racket,East,Credit Card,3,4162.97,12488.91
865,14-05-2025,Clothing,Shirt,West,Cash on Delivery,3,13473.63,40420.89
866,15-05-2025,Books,Education,South,Cash on Delivery,4,12801.32,51205.28
867,16-05-2025,Home & Kitchen,Vacuum Cleaner,West,Credit Card,3,17945.18,53835.54
868,17-05-2025,Home & Kitchen,Cookware,West,Net Banking,1,18737,18737
869,18-05-2025,Electronics,Laptop,North,Credit Card,3,12336.29,37008.87
870,19-05-2025,Clothing,Jeans,North,Credit Card,1,14239.4,14239.4
871,20-05-2025,Books,Comics,South,Cash on Delivery,4,18957.54,75830.16
872,21-05-2025,Beauty,Perfume,North,Debit Card,4,16074.22,64296.88
873,22-05-2025,Books,Fiction,North,Net Banking,2,12322.71,24645.42
874,23-05-2025,Clothing,Shoes,West,UPI,3,1786.27,5358.81
875,24-05-2025,Beauty,Perfume,South,Cash on Delivery,4,11149.43,44597.72
876,25-05-2025,Books,Fiction,South,Debit Card,2,16382.5,32765
877,26-05-2025,Clothing,Jeans,North,Credit Card,2,9721.9,19443.8
878,27-05-2025,Beauty,Lipstick,East,Credit Card,3,10622.77,31868.31
879,28-05-2025,Home & Kitchen,Toaster,East,Cash on Delivery,2,8884.42,17768.84
880,29-05-2025,Clothing,Jeans,North,Credit Card,2,1394.97,2789.94
881,30-05-2025,Sports,Gym Equipment,East,UPI,3,13075.82,39227.46
882,31-05-2025,Sports,Cricket Bat,West,Credit Card,1,17461.31,17461.31
883,01-06-2025,Electronics,Smartwatch,North,Debit Card,2,6714.55,13429.1
884,02-06-2025,Clothing,Shirt,East,Net Banking,2,6870.54,13741.08
885,03-06-2025,Electronics,Headphones,East,Debit Card,4,17462.29,69849.16
886,04-06-2025,Clothing,Shirt,North,UPI,1,13242.41,13242.41
887,05-06-2025,Books,Fiction,North,Debit Card,3,3401.12,10203.36
888,06-06-2025,Beauty,Perfume,South,Credit Card,2,14440.2,28880.4
889,07-06-2025,Books,Fiction,South,Cash on Delivery,2,6779.83,13559.66
890,08-06-2025,Books,Fiction,East,UPI,4,19500.9,78003.6
891,09-06-2025,Sports,Gym Equipment,East,Debit Card,3,1814.22,5442.66
892,10-06-2025,Electronics,Smartwatch,West,Net Banking,3,13668.52,41005.56
893,11-06-2025,Books,Non-Fiction,West,Cash on Delivery,1,8484.32,8484.32
894,12-06-2025,Home & Kitchen,Mixer,North,Credit Card,3,5302.12,15906.36
895,13-06-2025,Clothing,Shoes,East,UPI,4,3649.03,14596.12
896,14-06-2025,Clothing,Jeans,South,Debit Card,1,14597.95,14597.95
897,15-06-2025,Home & Kitchen,Toaster,East,Debit Card,1,16955.66,16955.66
898,16-06-2025,Home & Kitchen,Vacuum Cleaner,West,Credit Card,1,7049.51,7049.51
899,17-06-2025,Beauty,Shampoo,West,Net Banking,4,15400.93,61603.72
900,18-06-2025,Electronics,Smartwatch,West,Debit Card,4,994.16,3976.64
901,19-06-2025,Beauty,Shampoo,North,Credit Card,1,10377.12,10377.12
902,20-06-2025,Home & Kitchen,Vacuum Cleaner,West,Cash on Delivery,1,8884.59,8884.59
903,21-06-2025,Clothing,Shirt,North,Cash on Delivery,1,8031.2,8031.2
904,22-06-2025,Sports,Tennis Racket,East,Debit Card,4,17493.78,69975.12
905,23-06-2025,Books,Fiction,West,UPI,2,15900.53,31801.06
906,24-06-2025,Home & Kitchen,Toaster,North,UPI,3,5681.19,17043.57
907,25-06-2025,Electronics,Headphones,South,Credit Card,3,5820.32,17460.96
908,26-06-2025,Beauty,Shampoo,West,Cash on Delivery,1,4371.11,4371.11
909,27-06-2025,Sports,Football,East,Credit Card,1,9423.09,9423.09
910,28-06-2025,Electronics,Laptop,North,UPI,1,14715.64,14715.64
911,29-06-2025,Beauty,Lipstick,South,Cash on Delivery,3,15564.8,46694.4
912,30-06-2025,Sports,Tennis Racket,West,Credit Card,4,18198.84,72795.36
913,01-07-2025,Home & Kitchen,Toaster,East,Net Banking,3,12724.3,38172.9
914,02-07-2025,Electronics,Laptop,West,Net Banking,2,19433.62,38867.24
915,03-07-2025,Sports,Gym Equipment,East,Net Banking,3,8378.02,25134.06
916,04-07-2025,Books,Fiction,South,Cash on Delivery,2,9947.1,19894.2
917,05-07-2025,Clothing,Shirt,East,Credit Card,2,2128.39,4256.78
918,06-07-2025,Clothing,Jacket,West,Debit Card,1,9017.04,9017.04
919,07-07-2025,Beauty,Shampoo,West,Cash on Delivery,4,11672.42,46689.68
920,08-07-2025,Books,Non-Fiction,West,UPI,4,11940.43,47761.72
921,09-07-2025,Sports,Cricket Bat,West,Cash on Delivery,2,13112.04,26224.08
922,10-07-2025,Clothing,Jacket,South,Credit Card,1,19394.36,19394.36
923,11-07-2025,Sports,Gym Equipment,East,Cash on Delivery,2,17188.13,34376.26
924,12-07-2025,Electronics,Smartwatch,South,Cash on Delivery,1,6638.76,6638.76
925,13-07-2025,Sports,Football,South,Cash on Delivery,4,12054.54,48218.16
926,14-07-2025,Home & Kitchen,Mixer,East,Cash on Delivery,4,19402.46,77609.84
927,15-07-2025,Beauty,Perfume,North,Net Banking,3,4846.55,14539.65
928,16-07-2025,Books,Education,South,UPI,2,1655.24,3310.48
929,17-07-2025,Sports,Football,West,UPI,2,6751.61,13503.22
930,18-07-2025,Beauty,Shampoo,West,Credit Card,1,6872.66,6872.66
931,19-07-2025,Beauty,Shampoo,East,UPI,2,3085.98,6171.96
932,20-07-2025,Books,Fiction,North,Credit Card,1,5124.54,5124.54
933,21-07-2025,Clothing,Jeans,North,Credit Card,3,18981.95,56945.85
934,22-07-2025,Sports,Tennis Racket,South,Credit Card,1,3507.43,3507.43
935,23-07-2025,Home & Kitchen,Mixer,South,Cash on Delivery,4,7711.3,30845.2
936,24-07-2025,Sports,Football,North,Credit Card,3,14780.76,44342.28
937,25-07-2025,Home & Kitchen,Vacuum Cleaner,West,Credit Card,1,10763.54,10763.54
938,26-07-2025,Sports,Gym Equipment,West,Cash on Delivery,1,16914.57,16914.57
939,27-07-2025,Beauty,Perfume,West,Credit Card,4,9038.1,36152.4
940,28-07-2025,Electronics,Laptop,North,Cash on Delivery,3,17391.77,52175.31
941,29-07-2025,Clothing,Shirt,West,Debit Card,4,10890.14,43560.56
942,30-07-2025,Home & Kitchen,Vacuum Cleaner,North,Net Banking,4,5541.04,22164.16
943,31-07-2025,Books,Fiction,East,Debit Card,2,2634.82,5269.64
944,01-08-2025,Home & Kitchen,Mixer,South,UPI,1,18744.79,18744.79
945,02-08-2025,Books,Non-Fiction,West,Net Banking,1,12872.06,12872.06
946,03-08-2025,Home & Kitchen,Vacuum Cleaner,North,Cash on Delivery,3,9153.54,27460.62
947,04-08-2025,Clothing,Jacket,South,Debit Card,1,1953.4,1953.4
948,05-08-2025,Books,Comics,North,UPI,1,10243.25,10243.25
949,06-08-2025,Electronics,Phone,South,Credit Card,2,13826.52,27653.04
950,07-08-2025,Beauty,Shampoo,South,Credit Card,4,19735.28,78941.12
951,08-08-2025,Home & Kitchen,Cookware,East,Cash on Delivery,4,13782.16,55128.64
952,09-08-2025,Home & Kitchen,Toaster,West,Debit Card,2,19045.87,38091.74
953,10-08-2025,Electronics,Phone,West,Net Banking,2,19467.34,38934.68
954,11-08-2025,Electronics,Laptop,South,Net Banking,3,9203.85,27611.55
955,12-08-2025,Home & Kitchen,Cookware,North,UPI,3,10530.25,31590.75
956,13-08-2025,Clothing,Jeans,East,Net Banking,3,13403.91,40211.73
957,14-08-2025,Books,Non-Fiction,North,Net Banking,4,2689.68,10758.72
958,15-08-2025,Clothing,Shirt,West,Credit Card,2,6297.01,12594.02
959,16-08-2025,Clothing,Jacket,South,Debit Card,4,18808.43,75233.72
960,17-08-2025,Electronics,Smartwatch,West,Net Banking,4,13533.96,54135.84
961,18-08-2025,Sports,Cricket Bat,North,Debit Card,2,3929.31,7858.62
962,19-08-2025,Electronics,Smartwatch,West,UPI,3,13517.52,40552.56
963,20-08-2025,Electronics,Headphones,East,Debit Card,4,4844.31,19377.24
964,21-08-2025,Sports,Gym Equipment,South,UPI,3,3707.57,11122.71
965,22-08-2025,Electronics,Phone,East,UPI,2,13300.32,26600.64
966,23-08-2025,Clothing,Shirt,East,Debit Card,3,18903.36,56710.08
967,24-08-2025,Clothing,Shirt,South,UPI,2,546.82,1093.64
968,25-08-2025,Beauty,Perfume,South,Cash on Delivery,2,12433.38,24866.76
969,26-08-2025,Electronics,Headphones,West,Debit Card,4,17319.25,69277
970,27-08-2025,Electronics,Smartwatch,West,Credit Card,1,801.66,801.66
971,28-08-2025,Books,Fiction,West,UPI,4,15951.11,63804.44
972,29-08-2025,Sports,Cricket Bat,West,Cash on Delivery,4,13594.97,54379.88
973,30-08-2025,Beauty,Shampoo,South,Credit Card,3,18829.33,56487.99
974,31-08-2025,Home & Kitchen,Toaster,North,UPI,2,7998.52,15997.04
975,01-09-2025,Sports,Gym Equipment,East,UPI,1,11628.27,11628.27
976,02-09-2025,Home & Kitchen,Mixer,West,Debit Card,2,13225.34,26450.68
977,03-09-2025,Clothing,Shirt,South,Cash on Delivery,2,12178.09,24356.18
978,04-09-2025,Sports,Gym Equipment,North,Net Banking,3,19548.05,58644.15
979,05-09-2025,Clothing,Jeans,South,Net Banking,1,19868.07,19868.07
980,06-09-2025,Home & Kitchen,Vacuum Cleaner,South,Cash on Delivery,1,15691.23,15691.23
981,07-09-2025,Sports,Gym Equipment,South,UPI,1,5915.97,5915.97
982,08-09-2025,Electronics,Phone,South,Debit Card,3,17594.61,52783.83
983,09-09-2025,Beauty,Shampoo,West,Credit Card,1,15350.78,15350.78
984,10-09-2025,Books,Non-Fiction,West,UPI,4,13418.35,53673.4
985,11-09-2025,Beauty,Moisturizer,South,UPI,2,18047.24,36094.48
986,12-09-2025,Beauty,Shampoo,North,Cash on Delivery,1,15996.71,15996.71
987,13-09-2025,Sports,Football,East,UPI,3,17404.23,52212.69
988,14-09-2025,Home & Kitchen,Mixer,North,UPI,1,2580.14,2580.14
989,15-09-2025,Books,Education,South,UPI,2,13051.68,26103.36
990,16-09-2025,Beauty,Perfume,North,Net Banking,1,6626.8,6626.8
991,17-09-2025,Home & Kitchen,Mixer,North,UPI,4,12274.67,49098.68
992,18-09-2025,Sports,Gym Equipment,East,Debit Card,3,13970.25,41910.75
993,19-09-2025,Sports,Gym Equipment,West,Net Banking,4,11060.29,44241.16
994,20-09-2025,Books,Comics,South,Cash on Delivery,1,4903.37,4903.37
995,21-09-2025,Books,Education,East,Cash on Delivery,1,8999.51,8999.51
996,22-09-2025,Clothing,Shirt,North,Cash on Delivery,2,1649.28,3298.56
997,23-09-2025,Clothing,Shoes,West,Net Banking,3,3535.2,10605.6
998,24-09-2025,Books,Comics,North,UPI,2,12465.91,24931.82
999,25-09-2025,Electronics,Phone,West,UPI,2,10108.82,20217.64
1000,26-09-2025,Electronics,Smartwatch,South,Credit Card,1,17294.01,17294.01
